<?xml version="1.0"?>
<data grt_format="2.0" document_type="MySQL Workbench Model" version="1.4.4">
  <value type="object" struct-name="workbench.Document" id="{FD364197-4379-42E8-B369-E06FBF722338}" struct-checksum="0x7131bf99">
    <value type="object" struct-name="workbench.logical.Model" id="{B7F89805-711F-4009-ACB0-4A4F5139674E}" struct-checksum="0xf4220370" key="logicalModel">
      <value _ptr_="00000057B100C490" type="list" content-type="object" content-struct-name="workbench.logical.Diagram" key="diagrams"/>
      <value _ptr_="00000057B0F870B0" type="dict" key="customData"/>
      <value _ptr_="00000057B100BBD0" type="list" content-type="object" content-struct-name="model.Marker" key="markers"/>
      <value _ptr_="00000057B0F86C90" type="dict" key="options"/>
      <value type="string" key="name"></value>
      <link type="object" struct-name="GrtObject" key="owner">{FD364197-4379-42E8-B369-E06FBF722338}</link>
    </value>
    <value _ptr_="00000057B1009390" type="list" content-type="object" content-struct-name="workbench.OverviewPanel" key="overviewPanels"/>
    <value _ptr_="00000057B100A270" type="list" content-type="object" content-struct-name="workbench.physical.Model" key="physicalModels">
      <value type="object" struct-name="workbench.physical.Model" id="{4D77B0EA-912A-4615-BEDB-AD592FE6831A}" struct-checksum="0x5f896d18">
        <value type="object" struct-name="db.mysql.Catalog" id="{819A5E6F-23D3-40F8-9A0A-A3684798281B}" struct-checksum="0x82ad3466" key="catalog">
          <value _ptr_="00000057B100A900" type="list" content-type="object" content-struct-name="db.mysql.LogFileGroup" key="logFileGroups"/>
          <value _ptr_="00000057B100AC80" type="list" content-type="object" content-struct-name="db.mysql.Schema" key="schemata">
            <value type="object" struct-name="db.mysql.Schema" id="{56ED959F-1816-4429-8978-F4CE8E14BBC9}" struct-checksum="0x20b94c22">
              <value _ptr_="00000057B100ACF0" type="list" content-type="object" content-struct-name="db.mysql.RoutineGroup" key="routineGroups"/>
              <value _ptr_="00000057B100AB30" type="list" content-type="object" content-struct-name="db.mysql.Routine" key="routines"/>
              <value _ptr_="00000057B100AAC0" type="list" content-type="object" content-struct-name="db.mysql.Sequence" key="sequences"/>
              <value _ptr_="00000057B100B150" type="list" content-type="object" content-struct-name="db.mysql.StructuredDatatype" key="structuredTypes"/>
              <value _ptr_="00000057B100B0E0" type="list" content-type="object" content-struct-name="db.mysql.Synonym" key="synonyms"/>
              <value _ptr_="00000057B100ABA0" type="list" content-type="object" content-struct-name="db.mysql.Table" key="tables">
                <value type="object" struct-name="db.mysql.Table" id="{584CD883-29FA-45F1-8CB6-6D11CC0AD1FE}" struct-checksum="0x4564421a">
                  <value type="string" key="avgRowLength"></value>
                  <value type="int" key="checksum">0</value>
                  <value _ptr_="00000057B100B540" type="list" content-type="object" content-struct-name="db.mysql.Column" key="columns">
                    <value type="object" struct-name="db.mysql.Column" id="{2606E4D7-52AF-4DC9-B197-3B4F01559819}" struct-checksum="0xba88e21c">
                      <value type="int" key="autoIncrement">1</value>
                      <value type="string" key="expression"></value>
                      <value type="int" key="generated">0</value>
                      <value type="string" key="generatedStorage"></value>
                      <value type="string" key="characterSetName"></value>
                      <value _ptr_="00000057B100AD60" type="list" content-type="object" content-struct-name="db.CheckConstraint" key="checks"/>
                      <value type="string" key="collationName"></value>
                      <value type="string" key="datatypeExplicitParams"></value>
                      <value type="string" key="defaultValue"></value>
                      <value type="int" key="defaultValueIsNull">0</value>
                      <value _ptr_="00000057B100ADD0" type="list" content-type="string" key="flags"/>
                      <value type="int" key="isNotNull">1</value>
                      <value type="int" key="length">-1</value>
                      <value type="int" key="precision">-1</value>
                      <value type="int" key="scale">-1</value>
                      <link type="object" struct-name="db.SimpleDatatype" key="simpleType">com.mysql.rdbms.mysql.datatype.int</link>
                      <value type="string" key="comment"></value>
                      <value type="string" key="name">idLogin</value>
                      <value type="string" key="oldName">idLogin</value>
                      <link type="object" struct-name="GrtObject" key="owner">{584CD883-29FA-45F1-8CB6-6D11CC0AD1FE}</link>
                    </value>
                    <value type="object" struct-name="db.mysql.Column" id="{752BDE2D-E46A-4458-9C23-E3E79EB3B332}" struct-checksum="0xba88e21c">
                      <value type="int" key="autoIncrement">0</value>
                      <value type="string" key="expression"></value>
                      <value type="int" key="generated">0</value>
                      <value type="string" key="generatedStorage"></value>
                      <value type="string" key="characterSetName"></value>
                      <value _ptr_="00000057B100BCB0" type="list" content-type="object" content-struct-name="db.CheckConstraint" key="checks"/>
                      <value type="string" key="collationName"></value>
                      <value type="string" key="datatypeExplicitParams"></value>
                      <value type="string" key="defaultValue"></value>
                      <value type="int" key="defaultValueIsNull">0</value>
                      <value _ptr_="00000057B100B1C0" type="list" content-type="string" key="flags"/>
                      <value type="int" key="isNotNull">1</value>
                      <value type="int" key="length">120</value>
                      <value type="int" key="precision">-1</value>
                      <value type="int" key="scale">-1</value>
                      <link type="object" struct-name="db.SimpleDatatype" key="simpleType">com.mysql.rdbms.mysql.datatype.varchar</link>
                      <value type="string" key="comment"></value>
                      <value type="string" key="name">Email</value>
                      <value type="string" key="oldName">Email</value>
                      <link type="object" struct-name="GrtObject" key="owner">{584CD883-29FA-45F1-8CB6-6D11CC0AD1FE}</link>
                    </value>
                    <value type="object" struct-name="db.mysql.Column" id="{22EAF16F-E3ED-44C3-AA9F-FA968D88EF5D}" struct-checksum="0xba88e21c">
                      <value type="int" key="autoIncrement">0</value>
                      <value type="string" key="expression"></value>
                      <value type="int" key="generated">0</value>
                      <value type="string" key="generatedStorage"></value>
                      <value type="string" key="characterSetName"></value>
                      <value _ptr_="00000057B100C1F0" type="list" content-type="object" content-struct-name="db.CheckConstraint" key="checks"/>
                      <value type="string" key="collationName"></value>
                      <value type="string" key="datatypeExplicitParams"></value>
                      <value type="string" key="defaultValue"></value>
                      <value type="int" key="defaultValueIsNull">0</value>
                      <value _ptr_="00000057B100B620" type="list" content-type="string" key="flags"/>
                      <value type="int" key="isNotNull">1</value>
                      <value type="int" key="length">45</value>
                      <value type="int" key="precision">-1</value>
                      <value type="int" key="scale">-1</value>
                      <link type="object" struct-name="db.SimpleDatatype" key="simpleType">com.mysql.rdbms.mysql.datatype.varchar</link>
                      <value type="string" key="comment"></value>
                      <value type="string" key="name">senha</value>
                      <value type="string" key="oldName">senha</value>
                      <link type="object" struct-name="GrtObject" key="owner">{584CD883-29FA-45F1-8CB6-6D11CC0AD1FE}</link>
                    </value>
                  </value>
                  <value type="string" key="connectionString"></value>
                  <value type="string" key="defaultCharacterSetName"></value>
                  <value type="string" key="defaultCollationName"></value>
                  <value type="int" key="delayKeyWrite">0</value>
                  <value _ptr_="00000057B100B770" type="list" content-type="object" content-struct-name="db.mysql.ForeignKey" key="foreignKeys"/>
                  <value _ptr_="00000057B100B2A0" type="list" content-type="object" content-struct-name="db.mysql.Index" key="indices">
                    <value type="object" struct-name="db.mysql.Index" id="{9E8F7AC3-1131-4475-8481-DD1A4036F5F3}" struct-checksum="0xdb1989cd">
                      <value type="string" key="algorithm"></value>
                      <value _ptr_="00000057B100AE40" type="list" content-type="object" content-struct-name="db.mysql.IndexColumn" key="columns">
                        <value type="object" struct-name="db.mysql.IndexColumn" id="{3B353685-9F62-4C12-8EFD-B8F1A82F702E}" struct-checksum="0x62630b3c">
                          <value type="int" key="columnLength">0</value>
                          <value type="string" key="comment"></value>
                          <value type="int" key="descend">0</value>
                          <value type="string" key="expression"></value>
                          <link type="object" struct-name="db.Column" key="referencedColumn">{2606E4D7-52AF-4DC9-B197-3B4F01559819}</link>
                          <value type="string" key="name"></value>
                          <link type="object" struct-name="GrtObject" key="owner">{9E8F7AC3-1131-4475-8481-DD1A4036F5F3}</link>
                        </value>
                      </value>
                      <value type="string" key="indexKind"></value>
                      <value type="int" key="keyBlockSize">0</value>
                      <value type="string" key="lockOption"></value>
                      <value type="int" key="visible">1</value>
                      <value type="string" key="withParser"></value>
                      <value type="string" key="comment"></value>
                      <value type="int" key="deferability">0</value>
                      <value type="string" key="indexType">PRIMARY</value>
                      <value type="int" key="isPrimary">1</value>
                      <value type="string" key="name">PRIMARY</value>
                      <value type="int" key="unique">0</value>
                      <value type="int" key="commentedOut">0</value>
                      <value type="string" key="createDate"></value>
                      <value _ptr_="00000057B0F81DD0" type="dict" key="customData"/>
                      <value type="string" key="lastChangeDate"></value>
                      <value type="int" key="modelOnly">0</value>
                      <link type="object" struct-name="GrtNamedObject" key="owner">{584CD883-29FA-45F1-8CB6-6D11CC0AD1FE}</link>
                      <value type="string" key="temp_sql"></value>
                      <value type="string" key="oldName">PRIMARY</value>
                    </value>
                  </value>
                  <value type="string" key="keyBlockSize"></value>
                  <value type="string" key="maxRows"></value>
                  <value type="string" key="mergeInsert"></value>
                  <value type="string" key="mergeUnion"></value>
                  <value type="string" key="minRows"></value>
                  <value type="string" key="nextAutoInc"></value>
                  <value type="string" key="packKeys"></value>
                  <value type="int" key="partitionCount">0</value>
                  <value _ptr_="00000057B100BC40" type="list" content-type="object" content-struct-name="db.mysql.PartitionDefinition" key="partitionDefinitions"/>
                  <value type="string" key="partitionExpression"></value>
                  <value type="int" key="partitionKeyAlgorithm">0</value>
                  <value type="string" key="partitionType"></value>
                  <value type="string" key="password"></value>
                  <link type="object" struct-name="db.mysql.Index" key="primaryKey">{9E8F7AC3-1131-4475-8481-DD1A4036F5F3}</link>
                  <value type="string" key="raidChunkSize"></value>
                  <value type="string" key="raidChunks"></value>
                  <value type="string" key="raidType"></value>
                  <value type="string" key="rowFormat"></value>
                  <value type="string" key="statsAutoRecalc"></value>
                  <value type="string" key="statsPersistent"></value>
                  <value type="int" key="statsSamplePages">0</value>
                  <value type="int" key="subpartitionCount">0</value>
                  <value type="string" key="subpartitionExpression"></value>
                  <value type="int" key="subpartitionKeyAlgorithm">0</value>
                  <value type="string" key="subpartitionType"></value>
                  <value type="string" key="tableDataDir"></value>
                  <value type="string" key="tableEngine">InnoDB</value>
                  <value type="string" key="tableIndexDir"></value>
                  <value type="string" key="tableSpace"></value>
                  <value _ptr_="00000057B100C180" type="list" content-type="object" content-struct-name="db.mysql.Trigger" key="triggers"/>
                  <value type="int" key="isStub">0</value>
                  <value type="int" key="isSystem">0</value>
                  <value type="int" key="isTemporary">0</value>
                  <value type="string" key="temporaryScope"></value>
                  <value type="int" key="commentedOut">0</value>
                  <value type="string" key="createDate">2022-05-02 21:45</value>
                  <value _ptr_="00000057B0F89390" type="dict" key="customData"/>
                  <value type="string" key="lastChangeDate">2022-05-02 21:47</value>
                  <value type="int" key="modelOnly">0</value>
                  <value type="string" key="name">Login</value>
                  <link type="object" struct-name="GrtNamedObject" key="owner">{56ED959F-1816-4429-8978-F4CE8E14BBC9}</link>
                  <value type="string" key="temp_sql"></value>
                  <value type="string" key="comment"></value>
                  <value type="string" key="oldName">Login</value>
                </value>
              </value>
              <value _ptr_="00000057B100B070" type="list" content-type="object" content-struct-name="db.mysql.View" key="views"/>
              <value type="string" key="defaultCharacterSetName">utf8mb4</value>
              <value type="string" key="defaultCollationName">utf8mb4_unicode_520_ci</value>
              <value _ptr_="00000057B100B5B0" type="list" content-type="object" content-struct-name="db.Event" key="events"/>
              <value type="int" key="commentedOut">0</value>
              <value type="string" key="createDate">2022-05-02 21:43</value>
              <value _ptr_="00000057B0F88790" type="dict" key="customData"/>
              <value type="string" key="lastChangeDate">2022-05-02 21:44</value>
              <value type="int" key="modelOnly">0</value>
              <value type="string" key="name">Formulario</value>
              <link type="object" struct-name="GrtNamedObject" key="owner">{819A5E6F-23D3-40F8-9A0A-A3684798281B}</link>
              <value type="string" key="temp_sql"></value>
              <value type="string" key="comment"></value>
              <value type="string" key="oldName">Formulario</value>
            </value>
          </value>
          <value _ptr_="00000057B100B690" type="list" content-type="object" content-struct-name="db.mysql.ServerLink" key="serverLinks"/>
          <value _ptr_="00000057B100AA50" type="list" content-type="object" content-struct-name="db.mysql.Tablespace" key="tablespaces"/>
          <value _ptr_="00000057B100C110" type="list" content-type="object" content-struct-name="db.CharacterSet" key="characterSets">
            <link type="object">com.mysql.rdbms.mysql.charset.big5</link>
            <link type="object">com.mysql.rdbms.mysql.charset.dec8</link>
            <link type="object">com.mysql.rdbms.mysql.charset.cp850</link>
            <link type="object">com.mysql.rdbms.mysql.charset.hp8</link>
            <link type="object">com.mysql.rdbms.mysql.charset.koi8r</link>
            <link type="object">com.mysql.rdbms.mysql.charset.latin1</link>
            <link type="object">com.mysql.rdbms.mysql.charset.latin2</link>
            <link type="object">com.mysql.rdbms.mysql.charset.swe7</link>
            <link type="object">com.mysql.rdbms.mysql.charset.ascii</link>
            <link type="object">com.mysql.rdbms.mysql.charset.ujis</link>
            <link type="object">com.mysql.rdbms.mysql.charset.sjis</link>
            <link type="object">com.mysql.rdbms.mysql.charset.hebrew</link>
            <link type="object">com.mysql.rdbms.mysql.charset.tis620</link>
            <link type="object">com.mysql.rdbms.mysql.charset.euckr</link>
            <link type="object">com.mysql.rdbms.mysql.charset.koi8u</link>
            <link type="object">com.mysql.rdbms.mysql.charset.gb18030</link>
            <link type="object">com.mysql.rdbms.mysql.charset.gb2312</link>
            <link type="object">com.mysql.rdbms.mysql.charset.greek</link>
            <link type="object">com.mysql.rdbms.mysql.charset.cp1250</link>
            <link type="object">com.mysql.rdbms.mysql.charset.gbk</link>
            <link type="object">com.mysql.rdbms.mysql.charset.latin5</link>
            <link type="object">com.mysql.rdbms.mysql.charset.asmscii8</link>
            <link type="object">com.mysql.rdbms.mysql.charset.utf8</link>
            <link type="object">com.mysql.rdbms.mysql.charset.ucs2</link>
            <link type="object">com.mysql.rdbms.mysql.charset.cp866</link>
            <link type="object">com.mysql.rdbms.mysql.charset.keybcs2</link>
            <link type="object">com.mysql.rdbms.mysql.charset.macce</link>
            <link type="object">com.mysql.rdbms.mysql.charset.macroman</link>
            <link type="object">com.mysql.rdbms.mysql.charset.cp852</link>
            <link type="object">com.mysql.rdbms.mysql.charset.latin7</link>
            <link type="object">com.mysql.rdbms.mysql.charset.cp1251</link>
            <link type="object">com.mysql.rdbms.mysql.charset.cp1256</link>
            <link type="object">com.mysql.rdbms.mysql.charset.cp1257</link>
            <link type="object">com.mysql.rdbms.mysql.charset.binary</link>
            <link type="object">com.mysql.rdbms.mysql.charset.geostd8</link>
            <link type="object">com.mysql.rdbms.mysql.charset.cp932</link>
            <link type="object">com.mysql.rdbms.mysql.charset.eucjpms</link>
            <link type="object">com.mysql.rdbms.mysql.charset.utf8mb4</link>
            <link type="object">com.mysql.rdbms.mysql.charset.utf16</link>
            <link type="object">com.mysql.rdbms.mysql.charset.utf32</link>
          </value>
          <value _ptr_="00000057B0F87F50" type="dict" key="customData"/>
          <value type="string" key="defaultCharacterSetName"></value>
          <value type="string" key="defaultCollationName"></value>
          <link type="object" struct-name="db.Schema" key="defaultSchema">{56ED959F-1816-4429-8978-F4CE8E14BBC9}</link>
          <value _ptr_="00000057B100B000" type="list" content-type="object" content-struct-name="db.Role" key="roles">
            <value type="object" struct-name="db.Role" id="{1BF09826-85E0-4063-BB71-3A411D1C7899}" struct-checksum="0x3cc75502">
              <value _ptr_="00000057B100B9A0" type="list" content-type="object" content-struct-name="db.Role" key="childRoles"/>
              <value _ptr_="00000057B100BFC0" type="list" content-type="object" content-struct-name="db.RolePrivilege" key="privileges">
                <value type="object" struct-name="db.RolePrivilege" id="{07F1F26D-1D82-47E5-9CEE-67ADB8012373}" struct-checksum="0x39cda05d">
                  <value type="string" key="databaseObjectName">**.*</value>
                  <value type="string" key="databaseObjectType">SCHEMA</value>
                  <value _ptr_="00000057B100C260" type="list" content-type="string" key="privileges">
                    <value type="string">ALL</value>
                  </value>
                  <value type="string" key="name"></value>
                  <link type="object" struct-name="GrtObject" key="owner">{1BF09826-85E0-4063-BB71-3A411D1C7899}</link>
                </value>
              </value>
              <value type="int" key="commentedOut">0</value>
              <value type="string" key="createDate"></value>
              <value _ptr_="00000057B0F83510" type="dict" key="customData"/>
              <value type="string" key="lastChangeDate"></value>
              <value type="int" key="modelOnly">0</value>
              <value type="string" key="name">owner</value>
              <link type="object" struct-name="GrtNamedObject" key="owner">{819A5E6F-23D3-40F8-9A0A-A3684798281B}</link>
              <value type="string" key="temp_sql"></value>
              <value type="string" key="comment"></value>
              <value type="string" key="oldName"></value>
            </value>
            <value type="object" struct-name="db.Role" id="{9504987F-598F-448F-A25B-7C088CF166FD}" struct-checksum="0x3cc75502">
              <value _ptr_="00000057B100BA10" type="list" content-type="object" content-struct-name="db.Role" key="childRoles"/>
              <value _ptr_="00000057B100BA80" type="list" content-type="object" content-struct-name="db.RolePrivilege" key="privileges">
                <value type="object" struct-name="db.RolePrivilege" id="{D5C85466-C6C4-4E56-A0AF-52C3B5C0291F}" struct-checksum="0x39cda05d">
                  <value type="string" key="databaseObjectName">**.*</value>
                  <value type="string" key="databaseObjectType">TABLE</value>
                  <value _ptr_="00000057B100BE00" type="list" content-type="string" key="privileges">
                    <value type="string">SELECT</value>
                  </value>
                  <value type="string" key="name"></value>
                  <link type="object" struct-name="GrtObject" key="owner">{9504987F-598F-448F-A25B-7C088CF166FD}</link>
                </value>
              </value>
              <value type="int" key="commentedOut">0</value>
              <value type="string" key="createDate"></value>
              <value _ptr_="00000057B0F83BD0" type="dict" key="customData"/>
              <value type="string" key="lastChangeDate"></value>
              <value type="int" key="modelOnly">0</value>
              <value type="string" key="name">table.readonly</value>
              <link type="object" struct-name="GrtNamedObject" key="owner">{819A5E6F-23D3-40F8-9A0A-A3684798281B}</link>
              <value type="string" key="temp_sql"></value>
              <value type="string" key="comment"></value>
              <value type="string" key="oldName"></value>
            </value>
            <value type="object" struct-name="db.Role" id="{D6A29189-E404-43CB-8E5A-5B55FA14C9B0}" struct-checksum="0x3cc75502">
              <value _ptr_="00000057B100C030" type="list" content-type="object" content-struct-name="db.Role" key="childRoles"/>
              <value _ptr_="00000057B100BEE0" type="list" content-type="object" content-struct-name="db.RolePrivilege" key="privileges">
                <value type="object" struct-name="db.RolePrivilege" id="{CA1EE73F-28D1-42FF-ACA7-752672FBB3C0}" struct-checksum="0x39cda05d">
                  <value type="string" key="databaseObjectName">**.*</value>
                  <value type="string" key="databaseObjectType">TABLE</value>
                  <value _ptr_="00000057B100BF50" type="list" content-type="string" key="privileges">
                    <value type="string">SELECT</value>
                    <value type="string">INSERT</value>
                    <value type="string">TRIGGER</value>
                  </value>
                  <value type="string" key="name"></value>
                  <link type="object" struct-name="GrtObject" key="owner">{D6A29189-E404-43CB-8E5A-5B55FA14C9B0}</link>
                </value>
              </value>
              <value type="int" key="commentedOut">0</value>
              <value type="string" key="createDate"></value>
              <value _ptr_="00000057B0F84110" type="dict" key="customData"/>
              <value type="string" key="lastChangeDate"></value>
              <value type="int" key="modelOnly">0</value>
              <value type="string" key="name">table.insert</value>
              <link type="object" struct-name="GrtNamedObject" key="owner">{819A5E6F-23D3-40F8-9A0A-A3684798281B}</link>
              <value type="string" key="temp_sql"></value>
              <value type="string" key="comment"></value>
              <value type="string" key="oldName"></value>
            </value>
            <value type="object" struct-name="db.Role" id="{A49B8DA8-F1AF-4A54-9BD2-448B674F00FD}" struct-checksum="0x3cc75502">
              <value _ptr_="00000057B100C0A0" type="list" content-type="object" content-struct-name="db.Role" key="childRoles"/>
              <value _ptr_="00000057B100DAE0" type="list" content-type="object" content-struct-name="db.RolePrivilege" key="privileges">
                <value type="object" struct-name="db.RolePrivilege" id="{5E153193-B450-4D61-8B85-A04D693E32F3}" struct-checksum="0x39cda05d">
                  <value type="string" key="databaseObjectName">**.*</value>
                  <value type="string" key="databaseObjectType">TABLE</value>
                  <value _ptr_="00000057B100D290" type="list" content-type="string" key="privileges">
                    <value type="string">SELECT</value>
                    <value type="string">INSERT</value>
                    <value type="string">TRIGGER</value>
                    <value type="string">UPDATE</value>
                    <value type="string">DELETE</value>
                  </value>
                  <value type="string" key="name"></value>
                  <link type="object" struct-name="GrtObject" key="owner">{A49B8DA8-F1AF-4A54-9BD2-448B674F00FD}</link>
                </value>
              </value>
              <value type="int" key="commentedOut">0</value>
              <value type="string" key="createDate"></value>
              <value _ptr_="00000057B0F853D0" type="dict" key="customData"/>
              <value type="string" key="lastChangeDate"></value>
              <value type="int" key="modelOnly">0</value>
              <value type="string" key="name">table.modify</value>
              <link type="object" struct-name="GrtNamedObject" key="owner">{819A5E6F-23D3-40F8-9A0A-A3684798281B}</link>
              <value type="string" key="temp_sql"></value>
              <value type="string" key="comment"></value>
              <value type="string" key="oldName"></value>
            </value>
            <value type="object" struct-name="db.Role" id="{A9439217-D424-4F4E-AB68-3F6A9910CFDC}" struct-checksum="0x3cc75502">
              <value _ptr_="00000057B100DA00" type="list" content-type="object" content-struct-name="db.Role" key="childRoles"/>
              <value _ptr_="00000057B100DFB0" type="list" content-type="object" content-struct-name="db.RolePrivilege" key="privileges">
                <value type="object" struct-name="db.RolePrivilege" id="{07CC04F5-D889-4A47-AC20-D098EA53E8FC}" struct-checksum="0x39cda05d">
                  <value type="string" key="databaseObjectName">**.*</value>
                  <value type="string" key="databaseObjectType">ROUTINE</value>
                  <value _ptr_="00000057B100DF40" type="list" content-type="string" key="privileges">
                    <value type="string">EXECUTE</value>
                  </value>
                  <value type="string" key="name"></value>
                  <link type="object" struct-name="GrtObject" key="owner">{A9439217-D424-4F4E-AB68-3F6A9910CFDC}</link>
                </value>
              </value>
              <value type="int" key="commentedOut">0</value>
              <value type="string" key="createDate"></value>
              <value _ptr_="00000057B15F62B0" type="dict" key="customData"/>
              <value type="string" key="lastChangeDate"></value>
              <value type="int" key="modelOnly">0</value>
              <value type="string" key="name">routine.execute</value>
              <link type="object" struct-name="GrtNamedObject" key="owner">{819A5E6F-23D3-40F8-9A0A-A3684798281B}</link>
              <value type="string" key="temp_sql"></value>
              <value type="string" key="comment"></value>
              <value type="string" key="oldName"></value>
            </value>
          </value>
          <value _ptr_="00000057B100BAF0" type="list" content-type="object" content-struct-name="db.SimpleDatatype" key="simpleDatatypes">
            <link type="object">com.mysql.rdbms.mysql.datatype.tinyint</link>
            <link type="object">com.mysql.rdbms.mysql.datatype.smallint</link>
            <link type="object">com.mysql.rdbms.mysql.datatype.mediumint</link>
            <link type="object">com.mysql.rdbms.mysql.datatype.int</link>
            <link type="object">com.mysql.rdbms.mysql.datatype.bigint</link>
            <link type="object">com.mysql.rdbms.mysql.datatype.float</link>
            <link type="object">com.mysql.rdbms.mysql.datatype.real</link>
            <link type="object">com.mysql.rdbms.mysql.datatype.double</link>
            <link type="object">com.mysql.rdbms.mysql.datatype.decimal</link>
            <link type="object">com.mysql.rdbms.mysql.datatype.char</link>
            <link type="object">com.mysql.rdbms.mysql.datatype.nchar</link>
            <link type="object">com.mysql.rdbms.mysql.datatype.varchar</link>
            <link type="object">com.mysql.rdbms.mysql.datatype.nvarchar</link>
            <link type="object">com.mysql.rdbms.mysql.datatype.binary</link>
            <link type="object">com.mysql.rdbms.mysql.datatype.varbinary</link>
            <link type="object">com.mysql.rdbms.mysql.datatype.tinytext</link>
            <link type="object">com.mysql.rdbms.mysql.datatype.text</link>
            <link type="object">com.mysql.rdbms.mysql.datatype.mediumtext</link>
            <link type="object">com.mysql.rdbms.mysql.datatype.longtext</link>
            <link type="object">com.mysql.rdbms.mysql.datatype.tinyblob</link>
            <link type="object">com.mysql.rdbms.mysql.datatype.blob</link>
            <link type="object">com.mysql.rdbms.mysql.datatype.mediumblob</link>
            <link type="object">com.mysql.rdbms.mysql.datatype.longblob</link>
            <link type="object">com.mysql.rdbms.mysql.datatype.json</link>
            <link type="object">com.mysql.rdbms.mysql.datatype.datetime</link>
            <link type="object">com.mysql.rdbms.mysql.datatype.datetime_f</link>
            <link type="object">com.mysql.rdbms.mysql.datatype.date</link>
            <link type="object">com.mysql.rdbms.mysql.datatype.time</link>
            <link type="object">com.mysql.rdbms.mysql.datatype.time_f</link>
            <link type="object">com.mysql.rdbms.mysql.datatype.year</link>
            <link type="object">com.mysql.rdbms.mysql.datatype.timestamp</link>
            <link type="object">com.mysql.rdbms.mysql.datatype.timestamp_f</link>
            <link type="object">com.mysql.rdbms.mysql.datatype.geometry</link>
            <link type="object">com.mysql.rdbms.mysql.datatype.point</link>
            <link type="object">com.mysql.rdbms.mysql.datatype.linestring</link>
            <link type="object">com.mysql.rdbms.mysql.datatype.polygon</link>
            <link type="object">com.mysql.rdbms.mysql.datatype.geometrycollection</link>
            <link type="object">com.mysql.rdbms.mysql.datatype.multipoint</link>
            <link type="object">com.mysql.rdbms.mysql.datatype.multilinestring</link>
            <link type="object">com.mysql.rdbms.mysql.datatype.multipolygon</link>
            <link type="object">com.mysql.rdbms.mysql.datatype.bit</link>
            <link type="object">com.mysql.rdbms.mysql.datatype.boolean</link>
            <link type="object">com.mysql.rdbms.mysql.datatype.enum</link>
            <link type="object">com.mysql.rdbms.mysql.datatype.set</link>
          </value>
          <value _ptr_="00000057B100B700" type="list" content-type="object" content-struct-name="db.UserDatatype" key="userDatatypes"/>
          <value _ptr_="00000057B100A970" type="list" content-type="object" content-struct-name="db.User" key="users"/>
          <value type="object" struct-name="GrtVersion" id="{00F4CD02-5741-43A1-96D1-E1FD8FF3F83B}" struct-checksum="0x7aaa4ede" key="version">
            <value type="int" key="buildNumber">-1</value>
            <value type="int" key="majorNumber">8</value>
            <value type="int" key="minorNumber">0</value>
            <value type="int" key="releaseNumber">29</value>
            <value type="int" key="status">0</value>
            <value type="string" key="name">Version</value>
            <link type="object" struct-name="GrtObject" key="owner">{819A5E6F-23D3-40F8-9A0A-A3684798281B}</link>
          </value>
          <value type="string" key="comment"></value>
          <value type="string" key="name">default</value>
          <value type="string" key="oldName">default</value>
          <link type="object" struct-name="GrtObject" key="owner">{4D77B0EA-912A-4615-BEDB-AD592FE6831A}</link>
        </value>
        <value type="string" key="connectionNotation">crowsfoot</value>
        <value _ptr_="00000057B100A9E0" type="list" content-type="object" content-struct-name="db.mgmt.Connection" key="connections"/>
        <value _ptr_="00000057B100B460" type="list" content-type="object" content-struct-name="workbench.physical.Diagram" key="diagrams"/>
        <value type="string" key="figureNotation">workbench/default</value>
        <value _ptr_="00000057B100C340" type="list" content-type="object" content-struct-name="GrtStoredNote" key="notes"/>
        <link type="object" struct-name="db.mgmt.Rdbms" key="rdbms">com.mysql.rdbms.mysql</link>
        <value _ptr_="00000057B100BE70" type="list" content-type="object" content-struct-name="db.Script" key="scripts">
          <value type="object" struct-name="db.Script" id="{AE7B94EC-F35D-4C36-8617-18D847CF6DB6}" struct-checksum="0x711675d9">
            <value type="string" key="forwardEngineerScriptPosition"></value>
            <value type="string" key="synchronizeScriptPosition"></value>
            <value type="string" key="createDate">2022-05-02 21:54</value>
            <value type="string" key="filename">@scripts/1</value>
            <value type="string" key="lastChangeDate">2022-05-02 21:54</value>
            <value type="string" key="comment"></value>
            <value type="string" key="name">script</value>
            <value type="string" key="oldName"></value>
            <link type="object" struct-name="GrtObject" key="owner">{4D77B0EA-912A-4615-BEDB-AD592FE6831A}</link>
          </value>
          <value type="object" struct-name="db.Script" id="{333DBE74-9631-4062-9BE0-0A456B0D4AE4}" struct-checksum="0x711675d9">
            <value type="string" key="forwardEngineerScriptPosition"></value>
            <value type="string" key="synchronizeScriptPosition"></value>
            <value type="string" key="createDate">2022-05-02 21:57</value>
            <value type="string" key="filename">@scripts/2</value>
            <value type="string" key="lastChangeDate">2022-05-02 21:57</value>
            <value type="string" key="comment"></value>
            <value type="string" key="name">script1</value>
            <value type="string" key="oldName"></value>
            <link type="object" struct-name="GrtObject" key="owner">{4D77B0EA-912A-4615-BEDB-AD592FE6831A}</link>
          </value>
        </value>
        <value _ptr_="00000057B0F87530" type="dict" key="syncProfiles"/>
        <value _ptr_="00000057B100C3B0" type="list" content-type="object" content-struct-name="GrtObject" key="tagCategories">
          <value type="object" struct-name="GrtObject" id="{8B23A5A5-A279-4350-ABDE-ACD63EA20CFA}" struct-checksum="0xd06d8c0f">
            <value type="string" key="name">Business Rule</value>
            <link type="object" struct-name="GrtObject" key="owner">{4D77B0EA-912A-4615-BEDB-AD592FE6831A}</link>
          </value>
        </value>
        <value _ptr_="00000057B100B930" type="list" content-type="object" content-struct-name="meta.Tag" key="tags"/>
        <value _ptr_="00000057B0F86FF0" type="dict" key="customData"/>
        <value _ptr_="00000057B100C420" type="list" content-type="object" content-struct-name="model.Marker" key="markers"/>
        <value _ptr_="00000057B0F87170" type="dict" key="options"/>
        <value type="string" key="name"></value>
        <link type="object" struct-name="GrtObject" key="owner">{FD364197-4379-42E8-B369-E06FBF722338}</link>
      </value>
    </value>
    <value _ptr_="00000057B0F86BD0" type="dict" key="customData">
      <value type="int" key="MySQLDbModule:SkipFKIndexes">0</value>
      <value type="int" key="MySQLDbModule:SortTablesAlphabetically">0</value>
      <value type="string" key="MySQLDbModule:create_sql_output_filename"></value>
      <value type="int" key="MySQLDbModule:generate_create_index">0</value>
      <value type="int" key="MySQLDbModule:generate_drop">0</value>
      <value type="int" key="MySQLDbModule:generate_insert">0</value>
      <value type="int" key="MySQLDbModule:generate_schema_drop">0</value>
      <value type="int" key="MySQLDbModule:generate_show_warnings">0</value>
      <value type="int" key="MySQLDbModule:generate_use">0</value>
      <value type="int" key="MySQLDbModule:no_vew_placeholders">0</value>
      <value type="int" key="MySQLDbModule:omit_schema_qualifier">0</value>
      <value type="int" key="MySQLDbModule:skip_foreign_keys">0</value>
      <value type="int" key="MySQLDbModule:skip_users">0</value>
    </value>
    <value type="object" struct-name="app.DocumentInfo" id="{4559C143-5711-4660-B4C2-8732EC14029A}" struct-checksum="0xbba780b8" key="info">
      <value type="string" key="author">Renan</value>
      <value type="string" key="caption">New Model</value>
      <value type="string" key="dateChanged">2022-05-08 12:00</value>
      <value type="string" key="dateCreated">2022-05-02 21:42</value>
      <value type="string" key="description"></value>
      <value type="string" key="project">Name of the project</value>
      <value type="string" key="version">1.0</value>
      <value type="string" key="name">Properties</value>
      <link type="object" struct-name="GrtObject" key="owner">{FD364197-4379-42E8-B369-E06FBF722338}</link>
    </value>
    <value type="object" struct-name="app.PageSettings" id="{A8D7BC6A-D4F5-4726-BBD2-455A728200F3}" struct-checksum="0x7dc77977" key="pageSettings">
      <value type="real" key="marginBottom">14.46</value>
      <value type="real" key="marginLeft">6.35</value>
      <value type="real" key="marginRight">6.35</value>
      <value type="real" key="marginTop">6.35</value>
      <value type="string" key="orientation">portrait</value>
      <link type="object" struct-name="app.PaperType" key="paperType">com.mysql.wb.papertype.a4</link>
      <value type="real" key="scale">5</value>
      <value type="string" key="name"></value>
      <link type="object" struct-name="GrtObject" key="owner">{FD364197-4379-42E8-B369-E06FBF722338}</link>
    </value>
    <value type="string" key="name"></value>
  </value>
</data>
